[
    {"id":0,"pname":"Mint Coldbrew","price":4.5,"img":"mintcoldbrew.jpeg"},
    {"id":1,"pname":"Espresso Frappuccino","price":5,"img":"espressofrappuccino.jpeg"},
    {"id":2,"pname":"Americano","price":6.5,"img":"americano.jpeg"},
    {"id":3,"pname":"Citrus Espresso","price":6,"img":"citrusespresso.jpeg"},
    {"id":4,"pname":"Coldbrew","price":5.5,"img":"coldbrew.jpeg"},
    {"id":5,"pname":"Corrdo","price":4,"img":"corrdo.jpeg"},
    {"id":6,"pname":"Lavende Reve","price":6,"img":"lavendereve.png"},
    {"id":7,"pname":"Mint Mocha","price":3.98,"img":"mintmocha.jpeg"},
    {"id":8,"pname":"Sakelatto","price":5,"img":"sakelatto.jpeg"},
    {"id":9,"pname":"Sakelatto Affogato","price":4,"img":"sakelattoaffogato.jpeg"},
    {"id":10,"pname":"Vanila Coldbrew","price":4.5,"img":"vanilacoldbrew.jpeg"},
    {"id":11,"pname":"Vanilla Latte","price":5.5,"img":"vanillalatte.jpeg"},
    {"id":12,"pname":"Ise Brown Sugar","price":6,"img":"ise-brown-sug.png"},
    {"id":13,"pname":"Mocha Frapuccino","price":6.5,"img":"mochafrapuccino.png"},
    {"id":14,"pname":"Chai Frappuccino","price":3.5,"img":"chaifrappuccino.png"},
    {"id":15,"pname":"Matcha Frappuccino","price":3,"img":"matchafrappuccino.png"},
    {"id":16,"pname":"Strawberry Frappuccino","price":5,"img":"strawberryfrappuccino.png"},
    {"id":17,"pname":"Black tea","price":4.5,"img":"blacktea.png"},
    {"id":18,"pname":"Earlgrey","price":4.5,"img":"earlgrey.png"},
    {"id":19,"pname":"English Breakfast","price":5.5,"img":"englichbreakfast.png"},
    {"id":20,"pname":"Greentea Latte","price":6,"img":"greentealatte.png"},
    {"id":20,"pname":"Chai Latte","price":3.5,"img":"chailatte.png"}
]